query,rolname,calls,mean_time,min_time,max_time,total_time,rows_read,cache_hit_rate,prop_total_time,index_advisor_result
"SELECT wal->>$5 as type,
       wal->>$6 as schema,
       wal->>$7 as table,
       COALESCE(wal->>$8, $9) as columns,
       COALESCE(wal->>$10, $11) as record,
       COALESCE(wal->>$12, $13) as old_record,
       wal->>$14 as commit_timestamp,
       subscription_ids,
       errors
FROM realtime.list_changes($1, $2, $3, $4)",supabase_admin,37542,3.56322799704331,3.174418,439.719552,133770.705465,0,100.0000000000000000,70.01772407857281,null
SELECT name FROM pg_timezone_names,authenticator,118,265.982255957627,52.446185,2420.69758,31385.906203,140892,0,16.427884661583075,null
"SELECT
  e.name,
  n.nspname AS schema,
  e.default_version,
  x.extversion AS installed_version,
  e.comment
FROM
  pg_available_extensions() e(name, default_version, comment)
  LEFT JOIN pg_extension x ON e.name = x.extname
  LEFT JOIN pg_namespace n ON x.extnamespace = n.oid
WHERE
  $1",postgres,55,87.3331944727273,2.198855,344.571235,4803.325696,4290,100.0000000000000000,2.514137397070403,null
"WITH
-- Recursively get the base types of domains
base_types AS (
  WITH RECURSIVE
  recurse AS (
    SELECT
      oid,
      typbasetype,
      typnamespace AS base_namespace,
      COALESCE(NULLIF(typbasetype, $3), oid) AS base_type
    FROM pg_type
    UNION
    SELECT
      t.oid,
      b.typbasetype,
      b.typnamespace AS base_namespace,
      COALESCE(NULLIF(b.typbasetype, $4), b.oid) AS base_type
    FROM recurse t
    JOIN pg_type b ON t.typbasetype = b.oid
  )
  SELECT
    oid,
    base_namespace,
    base_type
  FROM recurse
  WHERE typbasetype = $5
),
arguments AS (
  SELECT
    oid,
    array_agg((
      COALESCE(name, $6), -- name
      type::regtype::text, -- type
      CASE type
        WHEN $7::regtype THEN $8
        WHEN $9::regtype THEN $10
        WHEN $11::regtype THEN $12
        WHEN $13::regtype THEN $14
        ELSE type::regtype::text
      END, -- convert types that ignore the length and accept any value till maximum size
      idx <= (pronargs - pronargdefaults), -- is_required
      COALESCE(mode = $15, $16) -- is_variadic
    ) ORDER BY idx) AS args,
    CASE COUNT(*) - COUNT(name) -- number of unnamed arguments
      WHEN $17 THEN $18
      WHEN $19 THEN (array_agg(type))[$20] IN ($21::regtype, $22::regtype, $23::regtype, $24::regtype, $25::regtype)
      ELSE $26
    END AS callable
  FROM pg_proc,
       unnest(proargnames, proargtypes, proargmodes)
         WITH ORDINALITY AS _ (name, type, mode, idx)
  WHERE type IS NOT NULL -- only input arguments
  GROUP BY oid
)
SELECT
  pn.nspname AS proc_schema,
  p.proname AS proc_name,
  d.description AS proc_description,
  COALESCE(a.args, $27) AS args,
  tn.nspname AS schema,
  COALESCE(comp.relname, t.typname) AS name,
  p.proretset AS rettype_is_setof,
  (t.typtype = $28
   -- if any TABLE, INOUT or OUT arguments present, treat as composite
   or COALESCE(proargmodes::text[] && $29, $30)
  ) AS rettype_is_composite,
  bt.oid <> bt.base_type as rettype_is_composite_alias,
  p.provolatile,
  p.provariadic > $31 as hasvariadic,
  lower((regexp_split_to_array((regexp_split_to_array(iso_config, $32))[$33], $34))[$35]) AS transaction_isolation_level,
  coalesce(func_settings.kvs, $36) as kvs
FROM pg_proc p
LEFT JOIN arguments a ON a.oid = p.oid
JOIN pg_namespace pn ON pn.oid = p.pronamespace
JOIN base_types bt ON bt.oid = p.prorettype
JOIN pg_type t ON t.oid = bt.base_type
JOIN pg_namespace tn ON tn.oid = t.typnamespace
LEFT JOIN pg_class comp ON comp.oid = t.typrelid
LEFT JOIN pg_description as d ON d.objoid = p.oid AND d.classoid = $37::regclass
LEFT JOIN LATERAL unnest(proconfig) iso_config ON iso_config LIKE $38
LEFT JOIN LATERAL (
  SELECT
    array_agg(row(
      substr(setting, $39, strpos(setting, $40) - $41),
      substr(setting, strpos(setting, $42) + $43)
    )) as kvs
  FROM unnest(proconfig) setting
  WHERE setting ~ ANY($2)
) func_settings ON $44
WHERE t.oid <> $45::regtype AND COALESCE(a.callable, $46)
AND prokind = $47
AND p.pronamespace = ANY($1::regnamespace[])",authenticator,118,33.0172868813559,17.799654,141.595058,3896.039852,237,99.9004709124185157,2.039249493438856,null
"with f as (
      
-- CTE with sane arg_modes, arg_names, and arg_types.
-- All three are always of the same length.
-- All three include all args, including OUT and TABLE args.
with functions as (
  select
    *,
    -- proargmodes is null when all arg modes are IN
    coalesce(
      p.proargmodes,
      array_fill($1::text, array[cardinality(coalesce(p.proallargtypes, p.proargtypes))])
    ) as arg_modes,
    -- proargnames is null when all args are unnamed
    coalesce(
      p.proargnames,
      array_fill($2::text, array[cardinality(coalesce(p.proallargtypes, p.proargtypes))])
    ) as arg_names,
    -- proallargtypes is null when all arg modes are IN
    coalesce(p.proallargtypes, p.proargtypes) as arg_types,
    array_cat(
      array_fill($3, array[pronargs - pronargdefaults]),
      array_fill($4, array[pronargdefaults])) as arg_has_defaults
  from
    pg_proc as p
  where
    p.prokind = $5
)
select
  f.oid as id,
  n.nspname as schema,
  f.proname as name,
  l.lanname as language,
  case
    when l.lanname = $6 then $7
    else f.prosrc
  end as definition,
  case
    when l.lanname = $8 then f.prosrc
    else pg_get_functiondef(f.oid)
  end as complete_statement,
  coalesce(f_args.args, $9) as args,
  pg_get_function_arguments(f.oid) as argument_types,
  pg_get_function_identity_arguments(f.oid) as identity_argument_types,
  f.prorettype as return_type_id,
  pg_get_function_result(f.oid) as return_type,
  nullif(rt.typrelid, $10) as return_type_relation_id,
  f.proretset as is_set_returning_function,
  case
    when f.provolatile = $11 then $12
    when f.provolatile = $13 then $14
    when f.provolatile = $15 then $16
  end as behavior,
  f.prosecdef as security_definer,
  f_config.config_params as config_params
from
  functions f
  left join pg_namespace n on f.pronamespace = n.oid
  left join pg_language l on f.prolang = l.oid
  left join pg_type rt on rt.oid = f.prorettype
  left join (
    select
      oid,
      jsonb_object_agg(param, value) filter (where param is not null) as config_params
    from
      (
        select
          oid,
          (string_to_array(unnest(proconfig), $17))[$18] as param,
          (string_to_array(unnest(proconfig), $19))[$20] as value
        from
          functions
      ) as t
    group by
      oid
  ) f_config on f_config.oid = f.oid
  left join (
    select
      oid,
      jsonb_agg(jsonb_build_object(
        $21, t2.mode,
        $22, name,
        $23, type_id,
        -- Cast null into false boolean
        $24, COALESCE(has_default, $25)
      )) as args
    from
      (
        select
          oid,
          unnest(arg_modes) as mode,
          unnest(arg_names) as name,
          -- Coming from: coalesce(p.proallargtypes, p.proargtypes) postgres won't automatically assume
          -- integer, we need to cast it to be properly parsed
          unnest(arg_types)::int8 as type_id,
          unnest(arg_has_defaults) as has_default
        from
          functions
      ) as t1,
      lateral (
        select
          case
            when t1.mode = $26 then $27
            when t1.mode = $28 then $29
            when t1.mode = $30 then $31
            when t1.mode = $32 then $33
            else $34
          end as mode
      ) as t2
    group by
      t1.oid
  ) f_args on f_args.oid = f.oid

    )
    select
      f.*
    from f
   where schema NOT IN ($35,$36,$37)

-- source: dashboard
-- user: aaef1d72-cc29-4c32-8c52-5b2c8f207d43
-- date: 2026-02-27T20:58:45.385Z",postgres,7,299.879203285714,270.902028,359.902884,2099.154423,825,100.0000000000000000,1.098730956654671,null
"WITH
-- Recursively get the base types of domains
base_types AS (
  WITH RECURSIVE
  recurse AS (
    SELECT
      oid,
      typbasetype,
      typnamespace AS base_namespace,
      COALESCE(NULLIF(typbasetype, $2), oid) AS base_type
    FROM pg_type
    UNION
    SELECT
      t.oid,
      b.typbasetype,
      b.typnamespace AS base_namespace,
      COALESCE(NULLIF(b.typbasetype, $3), b.oid) AS base_type
    FROM recurse t
    JOIN pg_type b ON t.typbasetype = b.oid
  )
  SELECT
    oid,
    base_namespace,
    base_type
  FROM recurse
  WHERE typbasetype = $4
),
columns AS (
    SELECT
        c.oid AS relid,
        a.attname::name AS column_name,
        d.description AS description,
        -- typbasetype and typdefaultbin handles `CREATE DOMAIN .. DEFAULT val`,  attidentity/attgenerated handles generated columns, pg_get_expr gets the default of a column
        CASE
          WHEN (t.typbasetype != $5) AND (ad.adbin IS NULL) THEN pg_get_expr(t.typdefaultbin, $6)
          WHEN a.attidentity  = $7 THEN format($8, seq.objid::regclass)
          WHEN a.attgenerated = $9 THEN $10
          ELSE pg_get_expr(ad.adbin, ad.adrelid)::text
        END AS column_default,
        not (a.attnotnull OR t.typtype = $11 AND t.typnotnull) AS is_nullable,
        CASE
            WHEN t.typtype = $12 THEN
            CASE
                WHEN bt.base_namespace = $13::regnamespace THEN format_type(bt.base_type, $14::integer)
                ELSE format_type(a.atttypid, a.atttypmod)
            END
            ELSE
            CASE
                WHEN t.typnamespace = $15::regnamespace THEN format_type(a.atttypid, $16::integer)
                ELSE format_type(a.atttypid, a.atttypmod)
            END
        END::text AS data_type,
        format_type(a.atttypid, a.atttypmod)::text AS nominal_data_type,
        information_schema._pg_char_max_length(
            information_schema._pg_truetypid(a.*, t.*),
            information_schema._pg_truetypmod(a.*, t.*)
        )::integer AS character_maximum_length,
        bt.base_type,
        a.attnum::integer AS position
    FROM pg_attribute a
        LEFT JOIN pg_description AS d
            ON d.objoid = a.attrelid and d.objsubid = a.attnum and d.classoid = $17::regclass
        LEFT JOIN pg_attrdef ad
            ON a.attrelid = ad.adrelid AND a.attnum = ad.adnum
        JOIN pg_class c
            ON a.attrelid = c.oid
        JOIN pg_type t
            ON a.atttypid = t.oid
        LEFT JOIN base_types bt
            ON t.oid = bt.oid
        LEFT JOIN pg_depend seq
            ON seq.refobjid = a.attrelid and seq.refobjsubid = a.attnum and seq.deptype = $18
    WHERE
        NOT pg_is_other_temp_schema(c.relnamespace)
        AND a.attnum > $19
        AND NOT a.attisdropped
        AND c.relkind in ($20, $21, $22, $23, $24)
        AND c.relnamespace = ANY($1::regnamespace[])
),
columns_agg AS (
  SELECT
    relid,
    array_agg(row(
      column_name,
      description,
      is_nullable::boolean,
      data_type,
      nominal_data_type,
      character_maximum_length,
      column_default,
      coalesce(
        (SELECT array_agg(enumlabel ORDER BY enumsortorder) FROM pg_enum WHERE enumtypid = base_type),
        $25
      )
    ) order by position) as columns
  FROM columns
  GROUP BY relid
),
tbl_pk_cols AS (
  SELECT
    r.oid AS relid,
    array_agg(a.attname ORDER BY a.attname) AS pk_cols
  FROM pg_class r
  JOIN pg_constraint c
    ON r.oid = c.conrelid
  JOIN pg_attribute a
    ON a.attrelid = r.oid AND a.attnum = ANY (c.conkey)
  WHERE
    c.contype in ($26)
    AND r.relkind IN ($27, $28)
    AND r.relnamespace NOT IN ($29::regnamespace, $30::regnamespace)
    AND NOT pg_is_other_temp_schema(r.relnamespace)
    AND NOT a.attisdropped
  GROUP BY r.oid
)
SELECT
  n.nspname AS table_schema,
  c.relname AS table_name,
  d.description AS table_description,
  c.relkind IN ($31,$32) as is_view,
  (
    c.relkind IN ($33,$34)
    OR (
      c.relkind in ($35,$36)
      -- The function `pg_relation_is_updateable` returns a bitmask where 8
      -- corresponds to `1 << CMD_INSERT` in the PostgreSQL source code, i.e.
      -- it's possible to insert into the relation.
      AND (pg_relation_is_updatable(c.oid::regclass, $37) & $38) = $39
    )
  ) AS insertable,
  (
    c.relkind IN ($40,$41)
    OR (
      c.relkind in ($42,$43)
      -- CMD_UPDATE
      AND (pg_relation_is_updatable(c.oid::regclass, $44) & $45) = $46
    )
  ) AS updatable,
  (
    c.relkind IN ($47,$48)
    OR (
      c.relkind in ($49,$50)
      -- CMD_DELETE
      AND (pg_relation_is_updatable(c.oid::regclass, $51) & $52) = $53
    )
  ) AS deletable,
  coalesce(tpks.pk_cols, $54) as pk_cols,
  coalesce(cols_agg.columns, $55) as columns
FROM pg_class c
JOIN pg_namespace n ON n.oid = c.relnamespace
LEFT JOIN pg_description d on d.objoid = c.oid and d.objsubid = $56 and d.classoid = $57::regclass
LEFT JOIN tbl_pk_cols tpks ON c.oid = tpks.relid
LEFT JOIN columns_agg cols_agg ON c.oid = cols_agg.relid
WHERE c.relkind IN ($58,$59,$60,$61,$62)
AND c.relnamespace NOT IN ($63::regnamespace, $64::regnamespace)
AND not c.relispartition
ORDER BY table_schema, table_name",authenticator,118,17.3084703050847,1.167885,158.262611,2042.399496,4939,99.8883177695847574,1.0690245212660556,null
"SELECT case when pg_is_in_recovery() then $2 else (pg_walfile_name_offset(lsn)).file_name end, lsn::text, pg_is_in_recovery() FROM pg_backup_start($1, $3) lsn",supabase_admin,9,214.375049666667,103.738354,349.616796,1929.375447,9,0,1.009865928586019,null
"with table_privileges as (
-- Despite the name `table_privileges`, this includes other kinds of relations:
-- views, matviews, etc. ""Relation privileges"" just doesn't roll off the tongue.
--
-- For each relation, get its relacl in a jsonb format,
-- e.g.
--
-- '{postgres=arwdDxt/postgres}'
--
-- becomes
--
-- [
--   {
--     ""grantee"": ""postgres"",
--     ""grantor"": ""postgres"",
--     ""is_grantable"": false,
--     ""privilege_type"": ""INSERT""
--   },
--   ...
-- ]
select
  c.oid as relation_id,
  nc.nspname as schema,
  c.relname as name,
  case
    when c.relkind = $1 then $2
    when c.relkind = $3 then $4
    when c.relkind = $5 then $6
    when c.relkind = $7 then $8
    when c.relkind = $9 then $10
  end as kind,
  coalesce(
    jsonb_agg(
      jsonb_build_object(
        $11, grantor.rolname,
        $12, grantee.rolname,
        $13, _priv.privilege_type,
        $14, _priv.is_grantable
      )
    ) filter (where _priv is not null),
    $15
  ) as privileges
from pg_class c
join pg_namespace as nc
  on nc.oid = c.relnamespace
left join lateral (
  select grantor, grantee, privilege_type, is_grantable
  from aclexplode(coalesce(c.relacl, acldefault($16, c.relowner)))
) as _priv on $17
left join pg_roles as grantor
  on grantor.oid = _priv.grantor
left join (
  select
    pg_roles.oid,
    pg_roles.rolname
  from pg_roles
  union all
  select
    ($18)::oid as oid, $19
) as grantee (oid, rolname)
  on grantee.oid = _priv.grantee
where c.relkind in ($20, $21, $22, $23, $24)
  and not pg_is_other_temp_schema(c.relnamespace)
  and (
    pg_has_role(c.relowner, $25)
    or has_table_privilege(
      c.oid,
      $26
      || case when current_setting($27)::int4 >= $28 then $29 else $30 end
    )
    or has_any_column_privilege(c.oid, $31)
  )
group by
  c.oid,
  nc.nspname,
  c.relname,
  c.relkind
)
select *
from table_privileges
 where schema NOT IN ($32,$33,$34)

-- source: dashboard
-- user: aaef1d72-cc29-4c32-8c52-5b2c8f207d43
-- date: 2026-02-25T02:21:25.316Z",postgres,13,143.852939538462,121.804349,350.03294,1870.088214,754,100.0000000000000000,0.9788340437862326,null
"SELECT t.oid, t.typname, t.typsend, t.typreceive, t.typoutput, t.typinput,
       coalesce(d.typelem, t.typelem), coalesce(r.rngsubtype, $1), ARRAY (
  SELECT a.atttypid
  FROM pg_attribute AS a
  WHERE a.attrelid = t.typrelid AND a.attnum > $2 AND NOT a.attisdropped
  ORDER BY a.attnum
)

FROM pg_type AS t
LEFT JOIN pg_type AS d ON t.typbasetype = d.oid
LEFT JOIN pg_range AS r ON r.rngtypid = t.oid OR r.rngmultitypid = t.oid OR (t.typbasetype <> $3 AND r.rngtypid = t.typbasetype)
WHERE (t.typrelid = $4)
AND (t.typelem = $5 OR NOT EXISTS (SELECT $6 FROM pg_catalog.pg_type s WHERE s.typrelid != $7 AND s.oid = t.typelem))",supabase_admin,30,61.9450582666667,5.199731,105.823633,1858.351748,6674,100.0000000000000000,0.9726909900048456,null
"with tables as (
SELECT
  c.oid :: int8 AS id,
  nc.nspname AS schema,
  c.relname AS name,
  c.relrowsecurity AS rls_enabled,
  c.relforcerowsecurity AS rls_forced,
  CASE
    WHEN c.relreplident = $1 THEN $2
    WHEN c.relreplident = $3 THEN $4
    WHEN c.relreplident = $5 THEN $6
    ELSE $7
  END AS replica_identity,
  pg_total_relation_size(format($8, nc.nspname, c.relname)) :: int8 AS bytes,
  pg_size_pretty(
    pg_total_relation_size(format($9, nc.nspname, c.relname))
  ) AS size,
  pg_stat_get_live_tuples(c.oid) AS live_rows_estimate,
  pg_stat_get_dead_tuples(c.oid) AS dead_rows_estimate,
  obj_description(c.oid) AS comment,
  coalesce(pk.primary_keys, $10) as primary_keys,
  coalesce(
    jsonb_agg(relationships) filter (where relationships is not null),
    $11
  ) as relationships
FROM
  pg_namespace nc
  JOIN pg_class c ON nc.oid = c.relnamespace
  left join (
    select
      c.oid::int8 as table_id,
      jsonb_agg(
        jsonb_build_object(
          $12, c.oid::int8,
          $13, n.nspname,
          $14, c.relname,
          $15, a.attname
        )
        order by array_position(i.indkey, a.attnum)
      ) as primary_keys
    from
      pg_index i
      join pg_class c on i.indrelid = c.oid
      join pg_namespace n on c.relnamespace = n.oid
      join pg_attribute a on a.attrelid = c.oid and a.attnum = any(i.indkey)
    where
      i.indisprimary
    group by c.oid
  ) as pk
  on pk.table_id = c.oid
  left join (
    select
      c.oid :: int8 as id,
      c.conname as constraint_name,
      nsa.nspname as source_schema,
      csa.relname as source_table_name,
      sa.attname as source_column_name,
      nta.nspname as target_table_schema,
      cta.relname as target_table_name,
      ta.attname as target_column_name
    from
      pg_constraint c
    join (
      pg_attribute sa
      join pg_class csa on sa.attrelid = csa.oid
      join pg_namespace nsa on csa.relnamespace = nsa.oid
    ) on sa.attrelid = c.conrelid and sa.attnum = any (c.conkey)
    join (
      pg_attribute ta
      join pg_class cta on ta.attrelid = cta.oid
      join pg_namespace nta on cta.relnamespace = nta.oid
    ) on ta.attrelid = c.confrelid and ta.attnum = any (c.confkey)
    where
      c.contype = $16
  ) as relationships
  on (relationships.source_schema = nc.nspname and relationships.source_table_name = c.relname)
  or (relationships.target_table_schema = nc.nspname and relationships.target_table_name = c.relname)
WHERE
  c.relkind IN ($17, $18)
  AND NOT pg_is_other_temp_schema(nc.oid)
  AND (
    pg_has_role(c.relowner, $19)
    OR has_table_privilege(
      c.oid,
      $20
    )
    OR has_any_column_privilege(c.oid, $21)
  )
group by
  c.oid,
  c.relname,
  c.relrowsecurity,
  c.relforcerowsecurity,
  c.relreplident,
  nc.nspname,
  pk.primary_keys
)
  , columns as (
-- Adapted from information_schema.columns

SELECT
  c.oid :: int8 AS table_id,
  nc.nspname AS schema,
  c.relname AS table,
  (c.oid || $22 || a.attnum) AS id,
  a.attnum AS ordinal_position,
  a.attname AS name,
  CASE
    WHEN a.atthasdef THEN pg_get_expr(ad.adbin, ad.adrelid)
    ELSE $23
  END AS default_value,
  CASE
    WHEN t.typtype = $24 THEN CASE
      WHEN bt.typelem <> $25 :: oid
      AND bt.typlen = $26 THEN $27
      WHEN nbt.nspname = $28 THEN format_type(t.typbasetype, $29)
      ELSE $30
    END
    ELSE CASE
      WHEN t.typelem <> $31 :: oid
      AND t.typlen = $32 THEN $33
      WHEN nt.nspname = $34 THEN format_type(a.atttypid, $35)
      ELSE $36
    END
  END AS data_type,
  COALESCE(bt.typname, t.typname) AS format,
  a.attidentity IN ($37, $38) AS is_identity,
  CASE
    a.attidentity
    WHEN $39 THEN $40
    WHEN $41 THEN $42
    ELSE $43
  END AS identity_generation,
  a.attgenerated IN ($44) AS is_generated,
  NOT (
    a.attnotnull
    OR t.typtype = $45 AND t.typnotnull
  ) AS is_nullable,
  (
    c.relkind IN ($46, $47)
    OR c.relkind IN ($48, $49) AND pg_column_is_updatable(c.oid, a.attnum, $50)
  ) AS is_updatable,
  uniques.table_id IS NOT NULL AS is_unique,
  check_constraints.definition AS ""check"",
  array_to_json(
    array(
      SELECT
        enumlabel
      FROM
        pg_catalog.pg_enum enums
      WHERE
        enums.enumtypid = coalesce(bt.oid, t.oid)
        OR enums.enumtypid = coalesce(bt.typelem, t.typelem)
      ORDER BY
        enums.enumsortorder
    )
  ) AS enums,
  col_description(c.oid, a.attnum) AS comment
FROM
  pg_attribute a
  LEFT JOIN pg_attrdef ad ON a.attrelid = ad.adrelid
  AND a.attnum = ad.adnum
  JOIN (
    pg_class c
    JOIN pg_namespace nc ON c.relnamespace = nc.oid
  ) ON a.attrelid = c.oid
  JOIN (
    pg_type t
    JOIN pg_namespace nt ON t.typnamespace = nt.oid
  ) ON a.atttypid = t.oid
  LEFT JOIN (
    pg_type bt
    JOIN pg_namespace nbt ON bt.typnamespace = nbt.oid
  ) ON t.typtype = $51
  AND t.typbasetype = bt.oid
  LEFT JOIN (
    SELECT DISTINCT ON (table_id, ordinal_position)
      conrelid AS table_id,
      conkey[$52] AS ordinal_position
    FROM pg_catalog.pg_constraint
    WHERE contype = $53 AND cardinality(conkey) = $54
  ) AS uniques ON uniques.table_id = c.oid AND uniques.ordinal_position = a.attnum
  LEFT JOIN (
    -- We only select the first column check
    SELECT DISTINCT ON (table_id, ordinal_position)
      conrelid AS table_id,
      conkey[$55] AS ordinal_position,
      substring(
        pg_get_constraintdef(pg_constraint.oid, $56),
        $57,
        length(pg_get_constraintdef(pg_constraint.oid, $58)) - $59
      ) AS ""definition""
    FROM pg_constraint
    WHERE contype = $60 AND cardinality(conkey) = $61
    ORDER BY table_id, ordinal_position, oid asc
  ) AS check_constraints ON check_constraints.table_id = c.oid AND check_constraints.ordinal_position = a.attnum
WHERE
  NOT pg_is_other_temp_schema(nc.oid)
  AND a.attnum > $62
  AND NOT a.attisdropped
  AND (c.relkind IN ($63, $64, $65, $66, $67))
  AND (
    pg_has_role(c.relowner, $68)
    OR has_column_privilege(
      c.oid,
      a.attnum,
      $69
    )
  )
)
  select
    *
    , 
COALESCE(
  (
    SELECT
      array_agg(row_to_json(columns)) FILTER (WHERE columns.table_id = tables.id)
    FROM
      columns
  ),
  $70
) AS columns
  from tables where name = $71 and schema = $72",postgres,20,72.84900255,43.694551,112.479316,1456.980051,20,100.0000000000000000,0.7626066323287364,null
"WITH pgrst_source AS (SELECT pgrst_call.pgrst_scalar FROM (SELECT ""public"".""is_valid_session""() pgrst_scalar) pgrst_call) SELECT $3::bigint AS total_result_set, $4 AS page_total, coalesce(json_agg(_postgrest_t.pgrst_scalar)->$5, $6) AS body, nullif(current_setting($7, $8), $9) AS response_headers, nullif(current_setting($10, $11), $12) AS response_status, $13 AS response_inserted FROM (SELECT ""is_valid_session"".* FROM ""pgrst_source"" AS ""is_valid_session""   LIMIT $1 OFFSET $2) _postgrest_t",authenticated,1665,0.570617273873875,0.094679,29.485311,950.077760999999,1665,100.0000000000000000,0.4972858765426125,null
"with recursive
pks_fks as (
  -- pk + fk referencing col
  select
    contype::text as contype,
    conname,
    array_length(conkey, $3) as ncol,
    conrelid as resorigtbl,
    col as resorigcol,
    ord
  from pg_constraint
  left join lateral unnest(conkey) with ordinality as _(col, ord) on $4
  where contype IN ($5, $6)
  union
  -- fk referenced col
  select
    concat(contype, $7) as contype,
    conname,
    array_length(confkey, $8) as ncol,
    confrelid,
    col,
    ord
  from pg_constraint
  left join lateral unnest(confkey) with ordinality as _(col, ord) on $9
  where contype=$10
),
views as (
  select
    c.oid          as view_id,
    c.relnamespace as view_schema_id,
    n.nspname      as view_schema,
    c.relname      as view_name,
    r.ev_action    as view_definition
  from pg_class c
  join pg_namespace n on n.oid = c.relnamespace
  join pg_rewrite r on r.ev_class = c.oid
  where c.relkind in ($11, $12) and c.relnamespace = ANY($1::regnamespace[] || $2::regnamespace[])
),
transform_json as (
  select
    view_id, view_schema_id, view_schema, view_name,
    -- the following formatting is without indentation on purpose
    -- to allow simple diffs, with less whitespace noise
    replace(
      replace(
      replace(
      replace(
      replace(
      replace(
      replace(
      regexp_replace(
      replace(
      replace(
      replace(
      replace(
      replace(
      replace(
      replace(
      replace(
      replace(
      replace(
      replace(
        view_definition::text,
      -- This conversion to json is heavily optimized for performance.
      -- The general idea is to use as few regexp_replace() calls as possible.
      -- Simple replace() is a lot faster, so we jump through some hoops
      -- to be able to use regexp_replace() only once.
      -- This has been tested against a huge schema with 250+ different views.
      -- The unit tests do NOT reflect all possible inputs. Be careful when changing this!
      -- -----------------------------------------------
      -- pattern           | replacement         | flags
      -- -----------------------------------------------
      -- `<>` in pg_node_tree is the same as `null` in JSON, but due to very poor performance of json_typeof
      -- we need to make this an empty array here to prevent json_array_elements from throwing an error
      -- when the targetList is null.
      -- We'll need to put it first, to make the node protection below work for node lists that start with
      -- null: `(<> ...`, too. This is the case for coldefexprs, when the first column does not have a default value.
         $13              , $14
      -- `,` is not part of the pg_node_tree format, but used in the regex.
      -- This removes all `,` that might be part of column names.
      ), $15               , $16
      -- The same applies for `{` and `}`, although those are used a lot in pg_node_tree.
      -- We remove the escaped ones, which might be part of column names again.
      ), $17            , $18
      ), $19            , $20
      -- The fields we need are formatted as json manually to protect them from the regex.
      ), $21   , $22
      ), $23        , $24
      ), $25   , $26
      ), $27   , $28
      -- Make the regex also match the node type, e.g. `{QUERY ...`, to remove it in one pass.
      ), $29               , $30
      -- Protect node lists, which start with `({` or `((` from the greedy regex.
      -- The extra `{` is removed again later.
      ), $31              , $32
      ), $33              , $34
      -- This regex removes all unused fields to avoid the need to format all of them correctly.
      -- This leads to a smaller json result as well.
      -- Removal stops at `,` for used fields (see above) and `}` for the end of the current node.
      -- Nesting can't be parsed correctly with a regex, so we stop at `{` as well and
      -- add an empty key for the followig node.
      ), $35       , $36              , $37
      -- For performance, the regex also added those empty keys when hitting a `,` or `}`.
      -- Those are removed next.
      ), $38           , $39
      ), $40           , $41
      -- This reverses the ""node list protection"" from above.
      ), $42              , $43
      -- Every key above has been added with a `,` so far. The first key in an object doesn't need it.
      ), $44              , $45
      -- pg_node_tree has `()` around lists, but JSON uses `[]`
      ), $46               , $47
      ), $48               , $49
      -- pg_node_tree has ` ` between list items, but JSON uses `,`
      ), $50             , $51
    )::json as view_definition
  from views
),
target_entries as(
  select
    view_id, view_schema_id, view_schema, view_name,
    json_array_elements(view_definition->$52->$53) as entry
  from transform_json
),
results as(
  select
    view_id, view_schema_id, view_schema, view_name,
    (entry->>$54)::int as view_column,
    (entry->>$55)::oid as resorigtbl,
    (entry->>$56)::int as resorigcol
  from target_entries
),
-- CYCLE detection according to PG docs: https://www.postgresql.org/docs/current/queries-with.html#QUERIES-WITH-CYCLE
-- Can be replaced with CYCLE clause once PG v13 is EOL.
recursion(view_id, view_schema_id, view_schema, view_name, view_column, resorigtbl, resorigcol, is_cycle, path) as(
  select
    r.*,
    $57,
    ARRAY[resorigtbl]
  from results r
  where view_schema_id = ANY ($1::regnamespace[])
  union all
  select
    view.view_id,
    view.view_schema_id,
    view.view_schema,
    view.view_name,
    view.view_column,
    tab.resorigtbl,
    tab.resorigcol,
    tab.resorigtbl = ANY(path),
    path || tab.resorigtbl
  from recursion view
  join results tab on view.resorigtbl=tab.view_id and view.resorigcol=tab.view_column
  where not is_cycle
),
repeated_references as(
  select
    view_id,
    view_schema,
    view_name,
    resorigtbl,
    resorigcol,
    array_agg(attname) as view_columns
  from recursion
  join pg_attribute vcol on vcol.attrelid = view_id and vcol.attnum = view_column
  group by
    view_id,
    view_schema,
    view_name,
    resorigtbl,
    resorigcol
)
select
  sch.nspname as table_schema,
  tbl.relname as table_name,
  rep.view_schema,
  rep.view_name,
  pks_fks.conname as constraint_name,
  pks_fks.contype as constraint_type,
  array_agg(row(col.attname, view_columns) order by pks_fks.ord) as column_dependencies
from repeated_references rep
join pks_fks using (resorigtbl, resorigcol)
join pg_class tbl on tbl.oid = rep.resorigtbl
join pg_attribute col on col.attrelid = tbl.oid and col.attnum = rep.resorigcol
join pg_namespace sch on sch.oid = tbl.relnamespace
group by sch.nspname, tbl.relname, rep.view_schema, rep.view_name, pks_fks.conname, pks_fks.contype, pks_fks.ncol
-- make sure we only return key for which all columns are referenced in the view - no partial PKs or FKs
having ncol = array_length(array_agg(row(col.attname, view_columns) order by pks_fks.ord), $58)",authenticator,118,7.44699675423729,1.556895,59.82344,878.745617,532,99.8845931909982689,0.459949492921374,null
"INSERT INTO ""sessions"" (""aal"", ""created_at"", ""factor_id"", ""id"", ""ip"", ""not_after"", ""oauth_client_id"", ""refresh_token_counter"", ""refresh_token_hmac_key"", ""refreshed_at"", ""scopes"", ""tag"", ""updated_at"", ""user_agent"", ""user_id"") VALUES ($1, $2, $3, $4, $5, $6, $7, $8, $9, $10, $11, $12, $13, $14, $15)",supabase_auth_admin,44,18.8721450909091,0.314272,83.820219,830.374384,44,99.9133699104822408,0.4346312168925427,null
"select
        case when not exists (
          select $2
          from pg_replication_slots
          where slot_name = $1
        )
        then (
          select $3 from pg_create_logical_replication_slot($1, $4, $5)
        )
        else $6
        end",supabase_admin,19,28.7209552631579,18.19619,69.220419,545.69815,19,0,0.2856271286308241,null
"CREATE OR REPLACE FUNCTION pg_temp.count_estimate(
    query text
) RETURNS integer LANGUAGE plpgsql AS $$
DECLARE
    plan jsonb;
BEGIN
    EXECUTE 'EXPLAIN (FORMAT JSON)' || query INTO plan;
    RETURN plan->0->'Plan'->'Plan Rows';
END;
$$",postgres,23,22.4589609565217,2.57191,110.656152,516.556102,0,100.0000000000000000,0.2703737151958296,null
"with tables as (
SELECT
  c.oid :: int8 AS id,
  nc.nspname AS schema,
  c.relname AS name,
  c.relrowsecurity AS rls_enabled,
  c.relforcerowsecurity AS rls_forced,
  CASE
    WHEN c.relreplident = $1 THEN $2
    WHEN c.relreplident = $3 THEN $4
    WHEN c.relreplident = $5 THEN $6
    ELSE $7
  END AS replica_identity,
  pg_total_relation_size(format($8, nc.nspname, c.relname)) :: int8 AS bytes,
  pg_size_pretty(
    pg_total_relation_size(format($9, nc.nspname, c.relname))
  ) AS size,
  pg_stat_get_live_tuples(c.oid) AS live_rows_estimate,
  pg_stat_get_dead_tuples(c.oid) AS dead_rows_estimate,
  obj_description(c.oid) AS comment,
  coalesce(pk.primary_keys, $10) as primary_keys,
  coalesce(
    jsonb_agg(relationships) filter (where relationships is not null),
    $11
  ) as relationships
FROM
  pg_namespace nc
  JOIN pg_class c ON nc.oid = c.relnamespace
  left join (
    select
      c.oid::int8 as table_id,
      jsonb_agg(
        jsonb_build_object(
          $12, c.oid::int8,
          $13, n.nspname,
          $14, c.relname,
          $15, a.attname
        )
        order by array_position(i.indkey, a.attnum)
      ) as primary_keys
    from
      pg_index i
      join pg_class c on i.indrelid = c.oid
      join pg_namespace n on c.relnamespace = n.oid
      join pg_attribute a on a.attrelid = c.oid and a.attnum = any(i.indkey)
    where
      n.nspname IN ($16) AND
      
      i.indisprimary
    group by c.oid
  ) as pk
  on pk.table_id = c.oid
  left join (
    select
      c.oid :: int8 as id,
      c.conname as constraint_name,
      nsa.nspname as source_schema,
      csa.relname as source_table_name,
      sa.attname as source_column_name,
      nta.nspname as target_table_schema,
      cta.relname as target_table_name,
      ta.attname as target_column_name
    from
      pg_constraint c
    join (
      pg_attribute sa
      join pg_class csa on sa.attrelid = csa.oid
      join pg_namespace nsa on csa.relnamespace = nsa.oid
    ) on sa.attrelid = c.conrelid and sa.attnum = any (c.conkey)
    join (
      pg_attribute ta
      join pg_class cta on ta.attrelid = cta.oid
      join pg_namespace nta on cta.relnamespace = nta.oid
    ) on ta.attrelid = c.confrelid and ta.attnum = any (c.confkey)
    where
      nsa.nspname IN ($17) OR nta.nspname IN ($18) AND
      
      c.contype = $19
  ) as relationships
  on (relationships.source_schema = nc.nspname and relationships.source_table_name = c.relname)
  or (relationships.target_table_schema = nc.nspname and relationships.target_table_name = c.relname)
WHERE
  nc.nspname IN ($20) AND
  
  
  c.relkind IN ($21, $22)
  AND NOT pg_is_other_temp_schema(nc.oid)
  AND (
    pg_has_role(c.relowner, $23)
    OR has_table_privilege(
      c.oid,
      $24
    )
    OR has_any_column_privilege(c.oid, $25)
  )
group by
  c.oid,
  c.relname,
  c.relrowsecurity,
  c.relforcerowsecurity,
  c.relreplident,
  nc.nspname,
  pk.primary_keys


)
  
select
  *
  
from tables",postgres,31,15.0813373225806,0.139831,57.704051,467.521457,318,100.0000000000000000,0.2447081987289297,null
"INSERT INTO ""flow_state"" (""auth_code"", ""auth_code_issued_at"", ""authentication_method"", ""code_challenge"", ""code_challenge_method"", ""created_at"", ""email_optional"", ""id"", ""invite_token"", ""linking_target_id"", ""oauth_client_state_id"", ""provider_access_token"", ""provider_refresh_token"", ""provider_type"", ""referrer"", ""updated_at"", ""user_id"") VALUES ($1, $2, $3, $4, $5, $6, $7, $8, $9, $10, $11, $12, $13, $14, $15, $16, $17)",supabase_auth_admin,72,6.23246119444445,0.049443,19.64384,448.737206,72,99.8949027850761955,0.23487622169801858,null
"INSERT INTO ""refresh_tokens"" (""created_at"", ""instance_id"", ""parent"", ""revoked"", ""session_id"", ""token"", ""updated_at"", ""user_id"") VALUES ($1, $2, $3, $4, $5, $6, $7, $8) returning id",supabase_auth_admin,69,6.4610954057971,0.131947,23.193568,445.815583,69,99.8510796723752792,0.23334699755014165,null
"with base_table_info as ( select c.oid::int8 as id, nc.nspname as schema, c.relname as name, c.relkind, c.relrowsecurity as rls_enabled, c.relforcerowsecurity as rls_forced, c.relreplident, c.relowner, obj_description(c.oid) as comment, fs.srvname as foreign_server_name, fdw.fdwname as foreign_data_wrapper_name, fdw_handler.proname as foreign_data_wrapper_handler from pg_class c join pg_namespace nc on nc.oid = c.relnamespace left join pg_foreign_table ft on ft.ftrelid = c.oid left join pg_foreign_server fs on fs.oid = ft.ftserver left join pg_foreign_data_wrapper fdw on fdw.oid = fs.srvfdw left join pg_proc fdw_handler on fdw.fdwhandler = fdw_handler.oid where c.oid = $1 and not pg_is_other_temp_schema(nc.oid) and ( pg_has_role(c.relowner, $2) or has_table_privilege( c.oid, $3 ) or has_any_column_privilege(c.oid, $4) ) ), table_stats as ( select b.id, case when b.relreplident = $5 then $6 when b.relreplident = $7 then $8 when b.relreplident = $9 then $10 else $11 end as replica_identity, pg_total_relation_size(format($12, b.schema, b.name))::int8 as bytes, pg_size_pretty(pg_total_relation_size(format($13, b.schema, b.name))) as size, pg_stat_get_live_tuples(b.id) as live_rows_estimate, pg_stat_get_dead_tuples(b.id) as dead_rows_estimate from base_table_info b where b.relkind in ($14, $15) ), primary_keys as ( select i.indrelid as table_id, jsonb_agg( jsonb_build_object( $16, n.nspname, $17, c.relname, $18, i.indrelid::int8, $19, a.attname ) order by array_position(i.indkey, a.attnum) ) as primary_keys from pg_index i join pg_class c on i.indrelid = c.oid join pg_namespace n on c.relnamespace = n.oid join pg_attribute a on a.attrelid = c.oid and a.attnum = any(i.indkey) where i.indisprimary group by i.indrelid ), index_cols as ( select i.indrelid as table_id, i.indkey, array_agg( a.attname order by array_position(i.indkey, a.attnum) ) as columns from pg_index i join pg_class c on i.indrelid = c.oid join pg_attribute a on a.attrelid = c.oid and a.attnum = any(i.indkey) where i.indisunique and i.indisprimary = $20 group by i.indrelid, i.indkey ), unique_indexes as ( select ic.table_id, jsonb_agg( jsonb_build_object( $21, n.nspname, $22, c.relname, $23, ic.table_id::int8, $24, ic.columns ) ) as unique_indexes from index_cols ic join pg_class c on c.oid = ic.table_id join pg_namespace n on n.oid = c.relnamespace group by ic.table_id ), relationships as ( select c.conrelid as source_id, c.confrelid as target_id, jsonb_build_object( $25, c.oid::int8, $26, c.conname, $27, c.confdeltype, $28, c.confupdtype, $29, nsa.nspname, $30, csa.relname, $31, sa.attname, $32, nta.nspname, $33, cta.relname, $34, ta.attname ) as rel_info from pg_constraint c join pg_class csa on c.conrelid = csa.oid join pg_namespace nsa on csa.relnamespace = nsa.oid join pg_attribute sa on (sa.attrelid = c.conrelid and sa.attnum = any(c.conkey)) join pg_class cta on c.confrelid = cta.oid join pg_namespace nta on cta.relnamespace = nta.oid join pg_attribute ta on (ta.attrelid = c.confrelid and ta.attnum = any(c.confkey)) where c.contype = $35 ), columns as ( select a.attrelid as table_id, jsonb_agg(jsonb_build_object( $36, (a.attrelid || $37 || a.attnum), $38, c.oid::int8, $39, nc.nspname, $40, c.relname, $41, a.attnum, $42, a.attname, $43, case when a.atthasdef then pg_get_expr(ad.adbin, ad.adrelid) else $44 end, $45, case when t.typtype = $46 then case when bt.typelem <> $47::oid and bt.typlen = $48 then $49 when nbt.nspname = $50 then format_type(t.typbasetype, $51) else $52 end else case when t.typelem <> $53::oid and t.typlen = $54 then $55 when nt.nspname = $56 then format_type(a.atttypid, $57) else $58 end end, $59, case when t.typtype = $60 then case when nt.nspname <> $61 then concat(nt.nspname, $62, coalesce(bt.typname, t.typname)) else coalesce(bt.typname, t.typname) end else coalesce(bt.typname, t.typname) end, $63, a.attidentity in ($64, $65), $66, case a.attidentity when $67 then $68 when $69 then $70 else $71 end, $72, a.attgenerated in ($73), $74, not (a.attnotnull or t.typtype = $75 and t.typnotnull), $76, ( b.relkind in ($77, $78) or (b.relkind in ($79, $80) and pg_column_is_updatable(b.id, a.attnum, $81)) ), $82, uniques.table_id is not null, $83, check_constraints.definition, $84, col_description(c.oid, a.attnum), $85, coalesce( ( select jsonb_agg(e.enumlabel order by e.enumsortorder) from pg_catalog.pg_enum e where e.enumtypid = coalesce(bt.oid, t.oid) or e.enumtypid = coalesce(bt.typelem, t.typelem) ), $86::jsonb ) ) order by a.attnum) as columns from pg_attribute a join base_table_info b on a.attrelid = b.id join pg_class c on a.attrelid = c.oid join pg_namespace nc on c.relnamespace = nc.oid left join pg_attrdef ad on (a.attrelid = ad.adrelid and a.attnum = ad.adnum) join pg_type t on a.atttypid = t.oid join pg_namespace nt on t.typnamespace = nt.oid left join pg_type bt on (t.typtype = $87 and t.typbasetype = bt.oid) left join pg_namespace nbt on bt.typnamespace = nbt.oid left join ( select conrelid as table_id, conkey[$88] as ordinal_position from pg_catalog.pg_constraint where contype = $89 and cardinality(conkey) = $90 group by conrelid, conkey[1] ) as uniques on uniques.table_id = a.attrelid and uniques.ordinal_position = a.attnum left join ( select distinct on (conrelid, conkey[1]) conrelid as table_id, conkey[$91] as ordinal_position, substring( pg_get_constraintdef(oid, $92), $93, length(pg_get_constraintdef(oid, $94)) - $95 ) as definition from pg_constraint where contype = $96 and cardinality(conkey) = $97 order by conrelid, conkey[1], oid asc ) as check_constraints on check_constraints.table_id = a.attrelid and check_constraints.ordinal_position = a.attnum where a.attnum > $98 and not a.attisdropped group by a.attrelid ) select case b.relkind when $99 then jsonb_build_object( $100, b.relkind, $101, b.id, $102, b.schema, $103, b.name, $104, b.rls_enabled, $105, b.rls_forced, $106, ts.replica_identity, $107, ts.bytes, $108, ts.size, $109, ts.live_rows_estimate, $110, ts.dead_rows_estimate, $111, b.comment, $112, coalesce(pk.primary_keys, $113::jsonb), $114, coalesce(ui.unique_indexes, $115::jsonb), $116, coalesce( (select jsonb_agg(r.rel_info) from relationships r where r.source_id = b.id or r.target_id = b.id), $117::jsonb ), $118, coalesce(c.columns, $119::jsonb) ) when $120 then jsonb_build_object( $121, b.relkind, $122, b.id, $123, b.schema, $124, b.name, $125, b.rls_enabled, $126, b.rls_forced, $127, ts.replica_identity, $128, ts.bytes, $129, ts.size, $130, ts.live_rows_estimate, $131, ts.dead_rows_estimate, $132, b.comment, $133, coalesce(pk.primary_keys, $134::jsonb), $135, coalesce(ui.unique_indexes, $136::jsonb), $137, coalesce( (select jsonb_agg(r.rel_info) from relationships r where r.source_id = b.id or r.target_id = b.id), $138::jsonb ), $139, coalesce(c.columns, $140::jsonb) ) when $141 then jsonb_build_object( $142, b.relkind, $143, b.id, $144, b.schema, $145, b.name, $146, (pg_relation_is_updatable(b.id, $147) & $148) = $149, $150, b.comment, $151, coalesce(c.columns, $152::jsonb) ) when $153 then jsonb_build_object( $154, b.relkind, $155, b.id, $156, b.schema, $157, b.name, $158, $159, $160, b.comment, $161, coalesce(c.columns, $162::jsonb) ) when $163 then jsonb_build_object( $164, b.relkind, $165, b.id, $166, b.schema, $167, b.name, $168, b.comment, $169, b.foreign_server_name, $170, b.foreign_data_wrapper_name, $171, b.foreign_data_wrapper_handler, $172, coalesce(c.columns, $173::jsonb) ) end as entity from base_table_info b left join table_stats ts on b.id = ts.id left join primary_keys pk on b.id = pk.table_id left join unique_indexes ui on b.id = ui.table_id left join columns c on b.id = c.table_id",postgres,28,15.5763718214286,8.395808,48.961587,436.138411,28,100.0000000000000000,0.2282818111432854,null
"SELECT users.aud, users.banned_until, users.confirmation_sent_at, users.confirmation_token, users.confirmed_at, users.created_at, users.deleted_at, users.email, users.email_change, users.email_change_confirm_status, users.email_change_sent_at, users.email_change_token_current, users.email_change_token_new, users.email_confirmed_at, users.encrypted_password, users.id, users.instance_id, users.invited_at, users.is_anonymous, users.is_sso_user, users.last_sign_in_at, users.phone, users.phone_change, users.phone_change_sent_at, users.phone_change_token, users.phone_confirmed_at, users.raw_app_meta_data, users.raw_user_meta_data, users.reauthentication_sent_at, users.reauthentication_token, users.recovery_sent_at, users.recovery_token, users.role, users.updated_at FROM users AS users WHERE instance_id = $1 and id = $2 LIMIT $3",supabase_auth_admin,5759,0.0730407709671818,0.019389,13.013504,420.641799999999,5759,100.0000000000000000,0.22017063740476503,null